feynman	W-state	3
feynman	adder	3
feynman	adder_8	3
feynman	barenco_tof_10	3
feynman	barenco_tof_3	3
feynman	barenco_tof_4	3
feynman	barenco_tof_5	3
feynman	bigadder	3
feynman	csla_mux_3	3
feynman	csum_mux_9	3
feynman	gf2^10_mult	3
feynman	gf2^16_mult	3
feynman	gf2^32_mult	3
feynman	gf2^4_mult	3
feynman	gf2^5_mult	3
feynman	gf2^6_mult	3
feynman	gf2^7_mult	3
feynman	gf2^8_mult	3
feynman	gf2^9_mult	3
feynman	grover_5	3
feynman	ham15-high	3
feynman	ham15-low	3
feynman	ham15-med	3
feynman	hwb10	3
feynman	hwb11	3
feynman	hwb12	3
feynman	hwb6	3
feynman	hwb8	3
feynman	inverseqft1	2
feynman	inverseqft2	2
feynman	mod5_4	3
feynman	mod_adder_1024	3
feynman	mod_mult_55	3
feynman	mod_red_21	3
feynman	qcla_adder_10	3
feynman	qcla_com_7	3
feynman	qcla_mod_7	3
feynman	qec	3
feynman	qft	3
feynman	qft_4	3
feynman	qpt	2
feynman	rb	2
feynman	rc_adder_6	3
feynman	teleport	3
feynman	teleportv2	3
feynman	tof_10	3
feynman	tof_3	3
feynman	tof_4	3
feynman	tof_5	3
feynman	vbe_adder_3	3
abstract_small	adder_n10-all-to-all	3
abstract_small	adder_n10-square	3
abstract_small	adder_n10-heavy-hex	3
abstract_small	adder_n10-linear	3
abstract_small	adder_n4-all-to-all	3
abstract_small	adder_n4-square	3
abstract_small	adder_n4-heavy-hex	3
abstract_small	adder_n4-linear	3
abstract_small	basis_change_n3-all-to-all	3
abstract_small	basis_change_n3-square	3
abstract_small	basis_change_n3-heavy-hex	3
abstract_small	basis_change_n3-linear	3
abstract_small	basis_test_n4-all-to-all	3
abstract_small	basis_test_n4-square	3
abstract_small	basis_test_n4-heavy-hex	3
abstract_small	basis_test_n4-linear	3
abstract_small	basis_trotter_n4-all-to-all	3
abstract_small	basis_trotter_n4-square	3
abstract_small	basis_trotter_n4-heavy-hex	3
abstract_small	basis_trotter_n4-linear	3
abstract_small	bb84_n8-all-to-all	2
abstract_small	bb84_n8-square	2
abstract_small	bb84_n8-heavy-hex	2
abstract_small	bb84_n8-linear	2
abstract_small	bell_n4-all-to-all	3
abstract_small	bell_n4-square	3
abstract_small	bell_n4-heavy-hex	3
abstract_small	bell_n4-linear	3
abstract_small	cat_state_n4-all-to-all	3
abstract_small	cat_state_n4-square	3
abstract_small	cat_state_n4-heavy-hex	3
abstract_small	cat_state_n4-linear	3
abstract_small	deutsch_n2-all-to-all	3
abstract_small	deutsch_n2-square	3
abstract_small	deutsch_n2-heavy-hex	3
abstract_small	deutsch_n2-linear	3
abstract_small	dnn_n2-all-to-all	3
abstract_small	dnn_n2-square	3
abstract_small	dnn_n2-heavy-hex	3
abstract_small	dnn_n2-linear	3
abstract_small	dnn_n8-all-to-all	3
abstract_small	dnn_n8-square	3
abstract_small	dnn_n8-heavy-hex	3
abstract_small	dnn_n8-linear	3
abstract_small	error_correctiond3_n5-all-to-all	3
abstract_small	error_correctiond3_n5-square	3
abstract_small	error_correctiond3_n5-heavy-hex	3
abstract_small	error_correctiond3_n5-linear	3
abstract_small	fredkin_n3-all-to-all	3
abstract_small	fredkin_n3-square	3
abstract_small	fredkin_n3-heavy-hex	3
abstract_small	fredkin_n3-linear	3
abstract_small	grover_n2-all-to-all	3
abstract_small	grover_n2-square	3
abstract_small	grover_n2-heavy-hex	3
abstract_small	grover_n2-linear	3
abstract_small	hhl_n7-all-to-all	3
abstract_small	hhl_n7-square	3
abstract_small	hhl_n7-heavy-hex	3
abstract_small	hhl_n7-linear	3
abstract_small	hs4_n4-all-to-all	3
abstract_small	hs4_n4-square	3
abstract_small	hs4_n4-heavy-hex	3
abstract_small	hs4_n4-linear	3
abstract_small	inverseqft_n4-all-to-all	2
abstract_small	inverseqft_n4-square	2
abstract_small	inverseqft_n4-heavy-hex	2
abstract_small	inverseqft_n4-linear	2
abstract_small	ipea_n2-all-to-all	3
abstract_small	ipea_n2-square	3
abstract_small	ipea_n2-heavy-hex	3
abstract_small	ipea_n2-linear	3
abstract_small	ising_n10-all-to-all	3
abstract_small	ising_n10-square	3
abstract_small	ising_n10-heavy-hex	3
abstract_small	ising_n10-linear	3
abstract_small	iswap_n2-all-to-all	3
abstract_small	iswap_n2-square	3
abstract_small	iswap_n2-heavy-hex	3
abstract_small	iswap_n2-linear	3
abstract_small	linearsolver_n3-all-to-all	3
abstract_small	linearsolver_n3-square	3
abstract_small	linearsolver_n3-heavy-hex	3
abstract_small	linearsolver_n3-linear	3
abstract_small	lpn_n5-all-to-all	3
abstract_small	lpn_n5-square	3
abstract_small	lpn_n5-heavy-hex	3
abstract_small	lpn_n5-linear	3
abstract_small	pea_n5-all-to-all	3
abstract_small	pea_n5-square	3
abstract_small	pea_n5-heavy-hex	3
abstract_small	pea_n5-linear	3
abstract_small	qaoa_n3-all-to-all	3
abstract_small	qaoa_n3-square	3
abstract_small	qaoa_n3-heavy-hex	3
abstract_small	qaoa_n3-linear	3
abstract_small	qaoa_n6-all-to-all	3
abstract_small	qaoa_n6-square	3
abstract_small	qaoa_n6-heavy-hex	3
abstract_small	qaoa_n6-linear	3
abstract_small	qec_en_n5-all-to-all	3
abstract_small	qec_en_n5-square	3
abstract_small	qec_en_n5-heavy-hex	3
abstract_small	qec_en_n5-linear	3
abstract_small	qec_sm_n5-all-to-all	3
abstract_small	qec_sm_n5-square	3
abstract_small	qec_sm_n5-heavy-hex	3
abstract_small	qec_sm_n5-linear	3
abstract_small	qft_n4-all-to-all	3
abstract_small	qft_n4-square	3
abstract_small	qft_n4-heavy-hex	3
abstract_small	qft_n4-linear	3
abstract_small	qpe_n9-all-to-all	3
abstract_small	qpe_n9-square	3
abstract_small	qpe_n9-heavy-hex	3
abstract_small	qpe_n9-linear	3
abstract_small	qrng_n4-all-to-all	2
abstract_small	qrng_n4-square	2
abstract_small	qrng_n4-heavy-hex	2
abstract_small	qrng_n4-linear	2
abstract_small	quantumwalks_n2-all-to-all	3
abstract_small	quantumwalks_n2-square	3
abstract_small	quantumwalks_n2-heavy-hex	3
abstract_small	quantumwalks_n2-linear	3
abstract_small	sat_n7-all-to-all	3
abstract_small	sat_n7-square	3
abstract_small	sat_n7-heavy-hex	3
abstract_small	sat_n7-linear	3
abstract_small	shor_n5-all-to-all	4
abstract_small	shor_n5-square	3
abstract_small	shor_n5-heavy-hex	3
abstract_small	shor_n5-linear	3
abstract_small	simon_n6-all-to-all	3
abstract_small	simon_n6-square	3
abstract_small	simon_n6-heavy-hex	3
abstract_small	simon_n6-linear	3
abstract_small	teleportation_n3-all-to-all	3
abstract_small	teleportation_n3-square	3
abstract_small	teleportation_n3-heavy-hex	3
abstract_small	teleportation_n3-linear	3
abstract_small	toffoli_n3-all-to-all	3
abstract_small	toffoli_n3-square	3
abstract_small	toffoli_n3-heavy-hex	3
abstract_small	toffoli_n3-linear	3
abstract_small	variational_n4-all-to-all	3
abstract_small	variational_n4-square	3
abstract_small	variational_n4-heavy-hex	3
abstract_small	variational_n4-linear	3
abstract_small	vqe_n4-all-to-all	3
abstract_small	vqe_n4-square	3
abstract_small	vqe_n4-heavy-hex	3
abstract_small	vqe_n4-linear	3
abstract_small	vqe_uccsd_n4-all-to-all	3
abstract_small	vqe_uccsd_n4-square	3
abstract_small	vqe_uccsd_n4-heavy-hex	3
abstract_small	vqe_uccsd_n4-linear	3
abstract_small	vqe_uccsd_n6-all-to-all	3
abstract_small	vqe_uccsd_n6-square	3
abstract_small	vqe_uccsd_n6-heavy-hex	3
abstract_small	vqe_uccsd_n6-linear	3
abstract_small	vqe_uccsd_n8-all-to-all	3
abstract_small	vqe_uccsd_n8-square	3
abstract_small	vqe_uccsd_n8-heavy-hex	3
abstract_small	vqe_uccsd_n8-linear	3
abstract_small	wstate_n3-all-to-all	2
abstract_small	wstate_n3-square	3
abstract_small	wstate_n3-heavy-hex	3
abstract_small	wstate_n3-linear	3
abstract_medium	bigadder_n18-all-to-all	3
abstract_medium	bigadder_n18-square	3
abstract_medium	bigadder_n18-heavy-hex	3
abstract_medium	bigadder_n18-linear	3
abstract_medium	bv_n14-all-to-all	3
abstract_medium	bv_n14-square	3
abstract_medium	bv_n14-heavy-hex	3
abstract_medium	bv_n14-linear	3
abstract_medium	bv_n19-all-to-all	3
abstract_medium	bv_n19-square	3
abstract_medium	bv_n19-heavy-hex	3
abstract_medium	bv_n19-linear	3
abstract_medium	bwt_n21-all-to-all	3
abstract_medium	bwt_n21-square	4
abstract_medium	bwt_n21-heavy-hex	4
abstract_medium	bwt_n21-linear	3
abstract_medium	cat_state_n22-all-to-all	3
abstract_medium	cat_state_n22-square	3
abstract_medium	cat_state_n22-heavy-hex	3
abstract_medium	cat_state_n22-linear	3
abstract_medium	cc_n12-all-to-all	3
abstract_medium	cc_n12-square	3
abstract_medium	cc_n12-heavy-hex	3
abstract_medium	cc_n12-linear	3
abstract_medium	dnn_n16-all-to-all	3
abstract_medium	dnn_n16-square	3
abstract_medium	dnn_n16-heavy-hex	3
abstract_medium	dnn_n16-linear	3
abstract_medium	factor247_n15-all-to-all	3
abstract_medium	factor247_n15-square	3
abstract_medium	factor247_n15-heavy-hex	3
abstract_medium	factor247_n15-linear	3
abstract_medium	gcm_h6-all-to-all	3
abstract_medium	gcm_h6-square	3
abstract_medium	gcm_h6-heavy-hex	3
abstract_medium	gcm_h6-linear	3
abstract_medium	ghz_state_n23-all-to-all	3
abstract_medium	ghz_state_n23-square	3
abstract_medium	ghz_state_n23-heavy-hex	3
abstract_medium	ghz_state_n23-linear	3
abstract_medium	ising_n26-all-to-all	3
abstract_medium	ising_n26-square	3
abstract_medium	ising_n26-heavy-hex	3
abstract_medium	ising_n26-linear	3
abstract_medium	knn_n25-all-to-all	3
abstract_medium	knn_n25-square	3
abstract_medium	knn_n25-heavy-hex	3
abstract_medium	knn_n25-linear	3
abstract_medium	multiplier_n15-all-to-all	3
abstract_medium	multiplier_n15-square	3
abstract_medium	multiplier_n15-heavy-hex	3
abstract_medium	multiplier_n15-linear	3
abstract_medium	multiply_n13-all-to-all	3
abstract_medium	multiply_n13-square	3
abstract_medium	multiply_n13-heavy-hex	3
abstract_medium	multiply_n13-linear	3
abstract_medium	qec9xz_n17-all-to-all	3
abstract_medium	qec9xz_n17-square	3
abstract_medium	qec9xz_n17-heavy-hex	3
abstract_medium	qec9xz_n17-linear	3
abstract_medium	qf21_n15-all-to-all	3
abstract_medium	qf21_n15-square	3
abstract_medium	qf21_n15-heavy-hex	3
abstract_medium	qf21_n15-linear	3
abstract_medium	qft_n18-all-to-all	3
abstract_medium	qft_n18-square	3
abstract_medium	qft_n18-heavy-hex	3
abstract_medium	qft_n18-linear	3
abstract_medium	qram_n20-all-to-all	3
abstract_medium	qram_n20-square	3
abstract_medium	qram_n20-heavy-hex	3
abstract_medium	qram_n20-linear	3
abstract_medium	sat_n11-all-to-all	3
abstract_medium	sat_n11-square	3
abstract_medium	sat_n11-heavy-hex	3
abstract_medium	sat_n11-linear	3
abstract_medium	seca_n11-all-to-all	3
abstract_medium	seca_n11-square	3
abstract_medium	seca_n11-heavy-hex	3
abstract_medium	seca_n11-linear	3
abstract_medium	square_root_n18-all-to-all	3
abstract_medium	square_root_n18-square	3
abstract_medium	square_root_n18-heavy-hex	3
abstract_medium	square_root_n18-linear	3
abstract_medium	swap_test_n25-all-to-all	3
abstract_medium	swap_test_n25-square	3
abstract_medium	swap_test_n25-heavy-hex	3
abstract_medium	swap_test_n25-linear	3
abstract_medium	wstate_n27-all-to-all	3
abstract_medium	wstate_n27-square	3
abstract_medium	wstate_n27-heavy-hex	3
abstract_medium	wstate_n27-linear	3
abstract_large	100-all-to-all	3
abstract_large	100-square	3
abstract_large	100-heavy-hex	3
abstract_large	100-linear	3
abstract_large	32-all-to-all	3
abstract_large	32-square	3
abstract_large	32-heavy-hex	3
abstract_large	32-linear	3
abstract_large	adder_n118-all-to-all	3
abstract_large	adder_n118-square	3
abstract_large	adder_n118-heavy-hex	3
abstract_large	adder_n118-linear	3
abstract_large	adder_n28-all-to-all	3
abstract_large	adder_n28-square	3
abstract_large	adder_n28-heavy-hex	3
abstract_large	adder_n28-linear	3
abstract_large	adder_n433-all-to-all	3
abstract_large	adder_n433-square	3
abstract_large	adder_n433-heavy-hex	3
abstract_large	adder_n433-linear	3
abstract_large	adder_n64-all-to-all	3
abstract_large	adder_n64-square	3
abstract_large	adder_n64-heavy-hex	3
abstract_large	adder_n64-linear	3
abstract_large	bv_n140-all-to-all	3
abstract_large	bv_n140-square	3
abstract_large	bv_n140-heavy-hex	3
abstract_large	bv_n140-linear	3
abstract_large	bv_n280-all-to-all	3
abstract_large	bv_n280-square	3
abstract_large	bv_n280-heavy-hex	4
abstract_large	bv_n280-linear	3
abstract_large	bv_n30-all-to-all	3
abstract_large	bv_n30-square	3
abstract_large	bv_n30-heavy-hex	3
abstract_large	bv_n30-linear	3
abstract_large	bv_n70-all-to-all	2
abstract_large	bv_n70-square	3
abstract_large	bv_n70-heavy-hex	3
abstract_large	bv_n70-linear	3
abstract_large	bwt_n37-all-to-all	3
abstract_large	bwt_n37-square	4
abstract_large	bwt_n37-heavy-hex	4
abstract_large	bwt_n37-linear	4
abstract_large	cat_n130-all-to-all	3
abstract_large	cat_n130-square	3
abstract_large	cat_n130-heavy-hex	3
abstract_large	cat_n130-linear	3
abstract_large	cat_n260-all-to-all	3
abstract_large	cat_n260-square	3
abstract_large	cat_n260-heavy-hex	3
abstract_large	cat_n260-linear	3
abstract_large	cat_n35-all-to-all	3
abstract_large	cat_n35-square	3
abstract_large	cat_n35-heavy-hex	3
abstract_large	cat_n35-linear	3
abstract_large	cat_n65-all-to-all	3
abstract_large	cat_n65-square	3
abstract_large	cat_n65-heavy-hex	3
abstract_large	cat_n65-linear	3
abstract_large	cc_n151-all-to-all	3
abstract_large	cc_n151-square	3
abstract_large	cc_n151-heavy-hex	3
abstract_large	cc_n151-linear	3
abstract_large	cc_n301-all-to-all	3
abstract_large	cc_n301-square	3
abstract_large	cc_n301-heavy-hex	3
abstract_large	cc_n301-linear	3
abstract_large	cc_n32-all-to-all	3
abstract_large	cc_n32-square	3
abstract_large	cc_n32-heavy-hex	3
abstract_large	cc_n32-linear	3
abstract_large	cc_n64-all-to-all	3
abstract_large	cc_n64-square	3
abstract_large	cc_n64-heavy-hex	3
abstract_large	cc_n64-linear	3
abstract_large	dnn_n33-all-to-all	3
abstract_large	dnn_n33-square	3
abstract_large	dnn_n33-heavy-hex	3
abstract_large	dnn_n33-linear	3
abstract_large	dnn_n51-all-to-all	3
abstract_large	dnn_n51-square	3
abstract_large	dnn_n51-heavy-hex	3
abstract_large	dnn_n51-linear	3
abstract_large	ghz_n127-all-to-all	3
abstract_large	ghz_n127-square	3
abstract_large	ghz_n127-heavy-hex	3
abstract_large	ghz_n127-linear	3
abstract_large	ghz_state_n255-all-to-all	3
abstract_large	ghz_state_n255-square	3
abstract_large	ghz_state_n255-heavy-hex	3
abstract_large	ghz_state_n255-linear	3
abstract_large	ghz_n40-all-to-all	3
abstract_large	ghz_n40-square	3
abstract_large	ghz_n40-heavy-hex	3
abstract_large	ghz_n40-linear	3
abstract_large	ghz_n78-all-to-all	3
abstract_large	ghz_n78-square	3
abstract_large	ghz_n78-heavy-hex	3
abstract_large	ghz_n78-linear	3
abstract_large	ising_n34-all-to-all	3
abstract_large	ising_n34-square	3
abstract_large	ising_n34-heavy-hex	3
abstract_large	ising_n34-linear	3
abstract_large	ising_n42-all-to-all	3
abstract_large	ising_n42-square	3
abstract_large	ising_n42-heavy-hex	3
abstract_large	ising_n42-linear	3
abstract_large	ising_n420-all-to-all	3
abstract_large	ising_n420-square	3
abstract_large	ising_n420-heavy-hex	3
abstract_large	ising_n420-linear	3
abstract_large	ising_n66-all-to-all	3
abstract_large	ising_n66-square	3
abstract_large	ising_n66-heavy-hex	3
abstract_large	ising_n66-linear	3
abstract_large	ising_n98-all-to-all	3
abstract_large	ising_n98-square	3
abstract_large	ising_n98-heavy-hex	3
abstract_large	ising_n98-linear	3
abstract_large	knn_129-all-to-all	3
abstract_large	knn_129-square	3
abstract_large	knn_129-heavy-hex	3
abstract_large	knn_129-linear	3
abstract_large	knn_n31-all-to-all	3
abstract_large	knn_n31-square	3
abstract_large	knn_n31-heavy-hex	4
abstract_large	knn_n31-linear	3
abstract_large	knn_341-all-to-all	3
abstract_large	knn_341-square	3
abstract_large	knn_341-heavy-hex	3
abstract_large	knn_341-linear	4
abstract_large	knn_n41-all-to-all	3
abstract_large	knn_n41-square	3
abstract_large	knn_n41-heavy-hex	3
abstract_large	knn_n41-linear	3
abstract_large	knn_n67-all-to-all	3
abstract_large	knn_n67-square	3
abstract_large	knn_n67-heavy-hex	3
abstract_large	knn_n67-linear	3
abstract_large	multiplier_n350-all-to-all	3
abstract_large	multiplier_n350-square	4
abstract_large	multiplier_n350-heavy-hex	4
abstract_large	multiplier_n350-linear	3
abstract_large	multiplier_n400-all-to-all	3
abstract_large	multiplier_n400-square	4
abstract_large	multiplier_n400-heavy-hex	4
abstract_large	multiplier_n400-linear	3
abstract_large	multiplier_n45-all-to-all	3
abstract_large	multiplier_n45-square	3
abstract_large	multiplier_n45-heavy-hex	3
abstract_large	multiplier_n45-linear	3
abstract_large	multiplier_n75-all-to-all	3
abstract_large	multiplier_n75-square	3
abstract_large	multiplier_n75-heavy-hex	3
abstract_large	multiplier_n75-linear	3
abstract_large	qft_n160-all-to-all	3
abstract_large	qft_n160-square	3
abstract_large	qft_n160-heavy-hex	3
abstract_large	qft_n160-linear	3
abstract_large	qft_n29-all-to-all	3
abstract_large	qft_n29-square	3
abstract_large	qft_n29-heavy-hex	3
abstract_large	qft_n29-linear	3
abstract_large	qft_n320-all-to-all	3
abstract_large	qft_n320-square	3
abstract_large	qft_n320-heavy-hex	3
abstract_large	qft_n320-linear	3
abstract_large	qft_n63-all-to-all	3
abstract_large	qft_n63-square	3
abstract_large	qft_n63-heavy-hex	3
abstract_large	qft_n63-linear	3
abstract_large	qugan_n111-all-to-all	3
abstract_large	qugan_n111-square	3
abstract_large	qugan_n111-heavy-hex	3
abstract_large	qugan_n111-linear	3
abstract_large	qugan_n39-all-to-all	3
abstract_large	qugan_n39-square	3
abstract_large	qugan_n39-heavy-hex	3
abstract_large	qugan_n39-linear	3
abstract_large	qugan_n395-all-to-all	3
abstract_large	qugan_n395-square	3
abstract_large	qugan_n395-heavy-hex	3
abstract_large	qugan_n395-linear	3
abstract_large	qugan_n71-all-to-all	3
abstract_large	qugan_n71-square	3
abstract_large	qugan_n71-heavy-hex	3
abstract_large	qugan_n71-linear	3
abstract_large	square_root_n45-all-to-all	3
abstract_large	square_root_n45-square	3
abstract_large	square_root_n45-heavy-hex	3
abstract_large	square_root_n45-linear	3
abstract_large	square_root_n60-all-to-all	3
abstract_large	square_root_n60-square	3
abstract_large	square_root_n60-heavy-hex	3
abstract_large	square_root_n60-linear	3
abstract_large	swap_test_n115-all-to-all	3
abstract_large	swap_test_n115-square	3
abstract_large	swap_test_n115-heavy-hex	3
abstract_large	swap_test_n115-linear	3
abstract_large	swap_test_n361-all-to-all	3
abstract_large	swap_test_n361-square	4
abstract_large	swap_test_n361-heavy-hex	3
abstract_large	swap_test_n361-linear	3
abstract_large	swap_test_n41-all-to-all	3
abstract_large	swap_test_n41-square	3
abstract_large	swap_test_n41-heavy-hex	3
abstract_large	swap_test_n41-linear	3
abstract_large	swap_test_n83-all-to-all	3
abstract_large	swap_test_n83-square	3
abstract_large	swap_test_n83-heavy-hex	3
abstract_large	swap_test_n83-linear	3
abstract_large	vqe_uccsd_n28-all-to-all	8
abstract_large	vqe_uccsd_n28-square	13
abstract_large	vqe_uccsd_n28-heavy-hex	14
abstract_large	vqe_uccsd_n28-linear	9
abstract_large	wstate_n118-all-to-all	3
abstract_large	wstate_n118-square	3
abstract_large	wstate_n118-heavy-hex	3
abstract_large	wstate_n118-linear	3
abstract_large	wstate_n36-all-to-all	3
abstract_large	wstate_n36-square	3
abstract_large	wstate_n36-heavy-hex	3
abstract_large	wstate_n36-linear	3
abstract_large	wstate_n380-all-to-all	3
abstract_large	wstate_n380-square	3
abstract_large	wstate_n380-heavy-hex	3
abstract_large	wstate_n380-linear	3
abstract_large	wstate_n76-all-to-all	3
abstract_large	wstate_n76-square	3
abstract_large	wstate_n76-heavy-hex	3
abstract_large	wstate_n76-linear	3
device_hamiltonians	ham_enc_stdbinary_dvalues_d-level-4	3
device_hamiltonians	ham_mu_y_prime_enc_stdbinary_dvalues_8-8-4-4	3
device_hamiltonians	ham_mu_y_prime_enc_unary_dvalues_4-4-4	3
device_hamiltonians	ham_mu_z_prime_enc_gray_dvalues_4-4-4-4	3
device_hamiltonians	ham_gnp-k_2_n-4_rinst-05	3
device_hamiltonians	ham_ham_parity-4	3
device_hamiltonians	ham_mu_y_prime_enc_stdbinary_dvalues_16-16-16-16-8-8-8	3
device_hamiltonians	ham_mu_y_prime_enc_gray_dvalues_16-16-16	3
device_hamiltonians	ham_enc_gray_dvalues_d-level-16	3
device_hamiltonians	ham_mu_y_prime_enc_stdbinary_dvalues_8-8-8-8-8-8	3
device_hamiltonians	ham_gnp-k_4_n-6_rinst-15	3
device_hamiltonians	ham_ham_JW-6	3
device_hamiltonians	ham_mu_y_prime_enc_unary_dvalues_8-8-8-8-8-8-8	3
device_hamiltonians	ham_7-uf20-0384.cnf-8-res	3
device_hamiltonians	ham_tsp_rand-002_Ncity-4_enc-stdbinary	3
device_hamiltonians	ham_ham_JW-8	4
device_hamiltonians	ham_enc_gray_dvalues_8-8-8	7
device_hamiltonians	ham_complbipart-n-10_a-5_b-5	3
device_hamiltonians	ham_ham_JW10	7
device_hamiltonians	ham_ham_parity10	7
device_hamiltonians	ham_ham_JW-10	7
device_hamiltonians	ham_mu_x_prime_enc_stdbinary_dvalues_8-8-8-8-8-8-8-8-8-4-4-4-4-4-4	3
device_hamiltonians	ham_mu_x_prime_enc_unary_dvalues_4-4-4	3
device_hamiltonians	ham_ham_parity12	9
device_hamiltonians	ham_ham_BK12	5
device_hamiltonians	ham_ham_JW12	9
device_hamiltonians	ham_bh_graph-1D-grid-pbc-qubitnodes_Lx-4_U-40_enc-gray_d-8	4
device_hamiltonians	ham_enc_unary_dvalues_4-4-4	4
device_hamiltonians	ham_ham_parity-14	7
device_hamiltonians	ham_ham_JW14	9
device_hamiltonians	ham_enc_gray_dvalues_4-4-4-4-4-4-4	3
device_hamiltonians	ham_ham_BK-14	7
device_hamiltonians	ham_ham_JW-14	10
device_hamiltonians	ham_mu_z_prime_enc_unary_dvalues_16-16-16-16-16-16-16	3
device_hamiltonians	ham_graph-1D-grid-pbc-qubitnodes_Lx-16_h-2	3
device_hamiltonians	ham_ham_JW-18	13
device_hamiltonians	ham_ham_JW-22	16
device_hamiltonians	ham_ham_BK22	9
device_hamiltonians	ham_mu_y_prime_enc_stdbinary_dvalues_4-4-4-4-4-4-4-4-4-4-4-4-4-4-4-4-4-4	3
device_hamiltonians	ham_gnp-k_5_n-24_rinst-04	3
device_hamiltonians	ham_tsp_prob-ulysses22_Ncity-8_enc-stdbinary	3
device_hamiltonians	ham_ham_JW24	17
device_hamiltonians	ham_tsp_prob-ts225_Ncity-5_enc-unary	3
device_hamiltonians	ham_graph-1D-grid-pbc-qubitnodes_Lx-26_h-6	3
device_hamiltonians	ham_bh_graph-1D-grid-pbc-qubitnodes_Lx-14_U-10_enc-stdbinary_d-4	3
device_hamiltonians	ham_bh_graph-2D-triag-nonpbc-qubitnodes_Lx-3_Ly-5_U-30_enc-gray_d-4	3
device_hamiltonians	ham_reg-5_n-10_rinst-07	3
device_hamiltonians	ham_mu_y_prime_enc_unary_dvalues_16-16-16-16-16-16	3
device_hamiltonians	ham_bh_graph-3D-grid-nonpbc-qubitnodes_Lx-2_Ly-2_Lz-2_U-20_enc-unary_d-4	3
device_hamiltonians	ham_0-uuf100-0810.cnf-40-res	3
device_hamiltonians	ham_8-uuf100-0509.cnf-40-cc	3
device_hamiltonians	ham_gnp-k_4_n-40_rinst-07	3
device_hamiltonians	ham_2-uf100-0396.cnf-46-res	3
device_hamiltonians	ham_2-uf100-0601.cnf-46-res	3
device_hamiltonians	ham_bh_graph-1D-grid-nonpbc-qubitnodes_Lx-12_U-40_enc-unary_d-4	3
device_hamiltonians	ham_bh_graph-1D-grid-pbc-qubitnodes_Lx-24_U-20_enc-stdbinary_d-4	3
device_hamiltonians	ham_tsp_prob-lin105_Ncity-7_enc-unary	3
device_hamiltonians	ham_gnp-k_5_n-60_rinst-19	3
device_hamiltonians	ham_bh_graph-2D-triag-pbc-qubitnodes_Lx-5_Ly-5_U-30_enc-unary_d-4	3
device_hamiltonians	ham_mu_x_prime_enc_unary_dvalues_16-16-16-16-16-16-16-16-16-16-16-16-16-16-16	3
device_hamiltonians	ham_tsp_prob-d198_Ncity-8_enc-unary	3
device_hamiltonians	ham_tsp_prob-kroD100_Ncity-16_enc-stdbinary	4
device_hamiltonians	ham_tsp_prob-fl417_Ncity-16_enc-stdbinary	5
device_hamiltonians	ham_4-uf100-0246.cnf-70-res	3
device_hamiltonians	ham_dsjc1000.1,n-36,rinst-4	3
device_hamiltonians	ham_graph-2D-grid-nonpbc-qubitnodes_Lx-5_Ly-15_h-3	3
device_hamiltonians	ham_bh_graph-1D-grid-pbc-qubitnodes_Lx-10_U-30_enc-unary_d-8	3
device_hamiltonians	ham_4-flat100-7.cnf-90-cc	3
device_hamiltonians	ham_reg-4_n-90_rinst-07	3
device_hamiltonians	ham_gnp-k_5_n-90_rinst-02	3
device_hamiltonians	ham_graph-2D-triag-pbc-qubitnodes_Lx-13_Ly-13_h-0.1	3
device_hamiltonians	ham_bh_graph-1D-grid-pbc-qubitnodes_Lx-46_U-2_enc-gray_d-4	3
device_hamiltonians	ham_bh_graph-2D-grid-nonpbc-qubitnodes_Lx-7_Ly-7_U-70_enc-gray_d-4	ERR:TranspilerError
device_hamiltonians	ham_fh-graph-1D-grid-pbc-qubitnodes_Lx-50_U-2_enc-jw	3
device_hamiltonians	ham_tsp_prob-st70_Ncity-10_enc-unary	3
device_hamiltonians	ham_tsp_prob-pr76_Ncity-10_enc-unary	3
device_hamiltonians	ham_bh_graph-2D-triag-pbc-qubitnodes_Lx-10_Ly-10_U-30_enc-stdbinary_d-4	3
device_hamiltonians	ham_queen13_13,n-28,rinst-0	3
device_hamiltonians	ham_will199gpia,n-60,rinst-8	3
device_hamiltonians	ham_bh_graph-1D-grid-pbc-qubitnodes_Lx-60_U-10_enc-stdbinary_d-4	3
abstract_hamiltonians	ham_enc_stdbinary_dvalues_d-level-4-all-to-all	3
abstract_hamiltonians	ham_enc_stdbinary_dvalues_d-level-4-square	3
abstract_hamiltonians	ham_enc_stdbinary_dvalues_d-level-4-heavy-hex	3
abstract_hamiltonians	ham_enc_stdbinary_dvalues_d-level-4-linear	3
abstract_hamiltonians	ham_mu_y_prime_enc_stdbinary_dvalues_8-8-4-4-all-to-all	3
abstract_hamiltonians	ham_mu_y_prime_enc_stdbinary_dvalues_8-8-4-4-square	3
abstract_hamiltonians	ham_mu_y_prime_enc_stdbinary_dvalues_8-8-4-4-heavy-hex	3
abstract_hamiltonians	ham_mu_y_prime_enc_stdbinary_dvalues_8-8-4-4-linear	3
abstract_hamiltonians	ham_mu_y_prime_enc_unary_dvalues_4-4-4-all-to-all	3
abstract_hamiltonians	ham_mu_y_prime_enc_unary_dvalues_4-4-4-square	3
abstract_hamiltonians	ham_mu_y_prime_enc_unary_dvalues_4-4-4-heavy-hex	3
abstract_hamiltonians	ham_mu_y_prime_enc_unary_dvalues_4-4-4-linear	3
abstract_hamiltonians	ham_mu_z_prime_enc_gray_dvalues_4-4-4-4-all-to-all	3
abstract_hamiltonians	ham_mu_z_prime_enc_gray_dvalues_4-4-4-4-square	3
abstract_hamiltonians	ham_mu_z_prime_enc_gray_dvalues_4-4-4-4-heavy-hex	3
abstract_hamiltonians	ham_mu_z_prime_enc_gray_dvalues_4-4-4-4-linear	3
abstract_hamiltonians	ham_gnp-k_2_n-4_rinst-05-all-to-all	3
abstract_hamiltonians	ham_gnp-k_2_n-4_rinst-05-square	3
abstract_hamiltonians	ham_gnp-k_2_n-4_rinst-05-heavy-hex	3
abstract_hamiltonians	ham_gnp-k_2_n-4_rinst-05-linear	3
abstract_hamiltonians	ham_ham_parity-4-all-to-all	3
abstract_hamiltonians	ham_ham_parity-4-square	3
abstract_hamiltonians	ham_ham_parity-4-heavy-hex	3
abstract_hamiltonians	ham_ham_parity-4-linear	3
abstract_hamiltonians	ham_mu_y_prime_enc_stdbinary_dvalues_16-16-16-16-8-8-8-all-to-all	3
abstract_hamiltonians	ham_mu_y_prime_enc_stdbinary_dvalues_16-16-16-16-8-8-8-square	3
abstract_hamiltonians	ham_mu_y_prime_enc_stdbinary_dvalues_16-16-16-16-8-8-8-heavy-hex	3
abstract_hamiltonians	ham_mu_y_prime_enc_stdbinary_dvalues_16-16-16-16-8-8-8-linear	3
abstract_hamiltonians	ham_mu_y_prime_enc_gray_dvalues_16-16-16-all-to-all	3
abstract_hamiltonians	ham_mu_y_prime_enc_gray_dvalues_16-16-16-square	3
abstract_hamiltonians	ham_mu_y_prime_enc_gray_dvalues_16-16-16-heavy-hex	3
abstract_hamiltonians	ham_mu_y_prime_enc_gray_dvalues_16-16-16-linear	3
abstract_hamiltonians	ham_enc_gray_dvalues_d-level-16-all-to-all	3
abstract_hamiltonians	ham_enc_gray_dvalues_d-level-16-square	3
abstract_hamiltonians	ham_enc_gray_dvalues_d-level-16-heavy-hex	3
abstract_hamiltonians	ham_enc_gray_dvalues_d-level-16-linear	3
abstract_hamiltonians	ham_mu_y_prime_enc_stdbinary_dvalues_8-8-8-8-8-8-all-to-all	3
abstract_hamiltonians	ham_mu_y_prime_enc_stdbinary_dvalues_8-8-8-8-8-8-square	3
abstract_hamiltonians	ham_mu_y_prime_enc_stdbinary_dvalues_8-8-8-8-8-8-heavy-hex	3
abstract_hamiltonians	ham_mu_y_prime_enc_stdbinary_dvalues_8-8-8-8-8-8-linear	3
abstract_hamiltonians	ham_gnp-k_4_n-6_rinst-15-all-to-all	3
abstract_hamiltonians	ham_gnp-k_4_n-6_rinst-15-square	3
abstract_hamiltonians	ham_gnp-k_4_n-6_rinst-15-heavy-hex	3
abstract_hamiltonians	ham_gnp-k_4_n-6_rinst-15-linear	3
abstract_hamiltonians	ham_ham_JW-6-all-to-all	3
abstract_hamiltonians	ham_ham_JW-6-square	3
abstract_hamiltonians	ham_ham_JW-6-heavy-hex	3
abstract_hamiltonians	ham_ham_JW-6-linear	3
abstract_hamiltonians	ham_mu_y_prime_enc_unary_dvalues_8-8-8-8-8-8-8-all-to-all	3
abstract_hamiltonians	ham_mu_y_prime_enc_unary_dvalues_8-8-8-8-8-8-8-square	3
abstract_hamiltonians	ham_mu_y_prime_enc_unary_dvalues_8-8-8-8-8-8-8-heavy-hex	3
abstract_hamiltonians	ham_mu_y_prime_enc_unary_dvalues_8-8-8-8-8-8-8-linear	3
abstract_hamiltonians	ham_7-uf20-0384.cnf-8-res-all-to-all	3
abstract_hamiltonians	ham_7-uf20-0384.cnf-8-res-square	3
abstract_hamiltonians	ham_7-uf20-0384.cnf-8-res-heavy-hex	3
abstract_hamiltonians	ham_7-uf20-0384.cnf-8-res-linear	3
abstract_hamiltonians	ham_tsp_rand-002_Ncity-4_enc-stdbinary-all-to-all	3
abstract_hamiltonians	ham_tsp_rand-002_Ncity-4_enc-stdbinary-square	3
abstract_hamiltonians	ham_tsp_rand-002_Ncity-4_enc-stdbinary-heavy-hex	3
abstract_hamiltonians	ham_tsp_rand-002_Ncity-4_enc-stdbinary-linear	3
abstract_hamiltonians	ham_ham_JW-8-all-to-all	4
abstract_hamiltonians	ham_ham_JW-8-square	4
abstract_hamiltonians	ham_ham_JW-8-heavy-hex	4
abstract_hamiltonians	ham_ham_JW-8-linear	4
abstract_hamiltonians	ham_enc_gray_dvalues_8-8-8-all-to-all	7
abstract_hamiltonians	ham_enc_gray_dvalues_8-8-8-square	6
abstract_hamiltonians	ham_enc_gray_dvalues_8-8-8-heavy-hex	7
abstract_hamiltonians	ham_enc_gray_dvalues_8-8-8-linear	6
abstract_hamiltonians	ham_complbipart-n-10_a-5_b-5-all-to-all	3
abstract_hamiltonians	ham_complbipart-n-10_a-5_b-5-square	3
abstract_hamiltonians	ham_complbipart-n-10_a-5_b-5-heavy-hex	3
abstract_hamiltonians	ham_complbipart-n-10_a-5_b-5-linear	3
abstract_hamiltonians	ham_ham_JW10-all-to-all	6
abstract_hamiltonians	ham_ham_JW10-square	4
abstract_hamiltonians	ham_ham_JW10-heavy-hex	6
abstract_hamiltonians	ham_ham_JW10-linear	4
abstract_hamiltonians	ham_ham_parity10-all-to-all	7
abstract_hamiltonians	ham_ham_parity10-square	5
abstract_hamiltonians	ham_ham_parity10-heavy-hex	6
abstract_hamiltonians	ham_ham_parity10-linear	4
abstract_hamiltonians	ham_ham_JW-10-all-to-all	6
abstract_hamiltonians	ham_ham_JW-10-square	4
abstract_hamiltonians	ham_ham_JW-10-heavy-hex	6
abstract_hamiltonians	ham_ham_JW-10-linear	4
abstract_hamiltonians	ham_mu_x_prime_enc_stdbinary_dvalues_8-8-8-8-8-8-8-8-8-4-4-4-4-4-4-all-to-all	3
abstract_hamiltonians	ham_mu_x_prime_enc_stdbinary_dvalues_8-8-8-8-8-8-8-8-8-4-4-4-4-4-4-square	3
abstract_hamiltonians	ham_mu_x_prime_enc_stdbinary_dvalues_8-8-8-8-8-8-8-8-8-4-4-4-4-4-4-heavy-hex	3
abstract_hamiltonians	ham_mu_x_prime_enc_stdbinary_dvalues_8-8-8-8-8-8-8-8-8-4-4-4-4-4-4-linear	3
abstract_hamiltonians	ham_mu_x_prime_enc_unary_dvalues_4-4-4-all-to-all	3
abstract_hamiltonians	ham_mu_x_prime_enc_unary_dvalues_4-4-4-square	3
abstract_hamiltonians	ham_mu_x_prime_enc_unary_dvalues_4-4-4-heavy-hex	3
abstract_hamiltonians	ham_mu_x_prime_enc_unary_dvalues_4-4-4-linear	3
abstract_hamiltonians	ham_ham_parity12-all-to-all	9
abstract_hamiltonians	ham_ham_parity12-square	9
abstract_hamiltonians	ham_ham_parity12-heavy-hex	8
abstract_hamiltonians	ham_ham_parity12-linear	6
abstract_hamiltonians	ham_ham_BK12-all-to-all	5
abstract_hamiltonians	ham_ham_BK12-square	5
abstract_hamiltonians	ham_ham_BK12-heavy-hex	5
abstract_hamiltonians	ham_ham_BK12-linear	5
abstract_hamiltonians	ham_ham_JW12-all-to-all	9
abstract_hamiltonians	ham_ham_JW12-square	8
abstract_hamiltonians	ham_ham_JW12-heavy-hex	9
abstract_hamiltonians	ham_ham_JW12-linear	5
abstract_hamiltonians	ham_bh_graph-1D-grid-pbc-qubitnodes_Lx-4_U-40_enc-gray_d-8-all-to-all	4
abstract_hamiltonians	ham_bh_graph-1D-grid-pbc-qubitnodes_Lx-4_U-40_enc-gray_d-8-square	4
abstract_hamiltonians	ham_bh_graph-1D-grid-pbc-qubitnodes_Lx-4_U-40_enc-gray_d-8-heavy-hex	4
abstract_hamiltonians	ham_bh_graph-1D-grid-pbc-qubitnodes_Lx-4_U-40_enc-gray_d-8-linear	4
abstract_hamiltonians	ham_enc_unary_dvalues_4-4-4-all-to-all	4
abstract_hamiltonians	ham_enc_unary_dvalues_4-4-4-square	4
abstract_hamiltonians	ham_enc_unary_dvalues_4-4-4-heavy-hex	4
abstract_hamiltonians	ham_enc_unary_dvalues_4-4-4-linear	4
abstract_hamiltonians	ham_ham_parity-14-all-to-all	6
abstract_hamiltonians	ham_ham_parity-14-square	6
abstract_hamiltonians	ham_ham_parity-14-heavy-hex	8
abstract_hamiltonians	ham_ham_parity-14-linear	6
abstract_hamiltonians	ham_ham_JW14-all-to-all	10
abstract_hamiltonians	ham_ham_JW14-square	9
abstract_hamiltonians	ham_ham_JW14-heavy-hex	8
abstract_hamiltonians	ham_ham_JW14-linear	6
abstract_hamiltonians	ham_enc_gray_dvalues_4-4-4-4-4-4-4-all-to-all	3
abstract_hamiltonians	ham_enc_gray_dvalues_4-4-4-4-4-4-4-square	4
abstract_hamiltonians	ham_enc_gray_dvalues_4-4-4-4-4-4-4-heavy-hex	3
abstract_hamiltonians	ham_enc_gray_dvalues_4-4-4-4-4-4-4-linear	4
abstract_hamiltonians	ham_ham_BK-14-all-to-all	7
abstract_hamiltonians	ham_ham_BK-14-square	6
abstract_hamiltonians	ham_ham_BK-14-heavy-hex	6
abstract_hamiltonians	ham_ham_BK-14-linear	7
abstract_hamiltonians	ham_ham_JW-14-all-to-all	8
abstract_hamiltonians	ham_ham_JW-14-square	10
abstract_hamiltonians	ham_ham_JW-14-heavy-hex	8
abstract_hamiltonians	ham_ham_JW-14-linear	6
abstract_hamiltonians	ham_mu_z_prime_enc_unary_dvalues_16-16-16-16-16-16-16-all-to-all	3
abstract_hamiltonians	ham_mu_z_prime_enc_unary_dvalues_16-16-16-16-16-16-16-square	3
abstract_hamiltonians	ham_mu_z_prime_enc_unary_dvalues_16-16-16-16-16-16-16-heavy-hex	3
abstract_hamiltonians	ham_mu_z_prime_enc_unary_dvalues_16-16-16-16-16-16-16-linear	3
abstract_hamiltonians	ham_graph-1D-grid-pbc-qubitnodes_Lx-16_h-2-all-to-all	3
abstract_hamiltonians	ham_graph-1D-grid-pbc-qubitnodes_Lx-16_h-2-square	3
abstract_hamiltonians	ham_graph-1D-grid-pbc-qubitnodes_Lx-16_h-2-heavy-hex	3
abstract_hamiltonians	ham_graph-1D-grid-pbc-qubitnodes_Lx-16_h-2-linear	3
abstract_hamiltonians	ham_ham_JW-18-all-to-all	8
abstract_hamiltonians	ham_ham_JW-18-square	11
abstract_hamiltonians	ham_ham_JW-18-heavy-hex	9
abstract_hamiltonians	ham_ham_JW-18-linear	6
abstract_hamiltonians	ham_ham_JW-22-all-to-all	11
abstract_hamiltonians	ham_ham_JW-22-square	13
abstract_hamiltonians	ham_ham_JW-22-heavy-hex	14
abstract_hamiltonians	ham_ham_JW-22-linear	14
abstract_hamiltonians	ham_ham_BK22-all-to-all	9
abstract_hamiltonians	ham_ham_BK22-square	9
abstract_hamiltonians	ham_ham_BK22-heavy-hex	8
abstract_hamiltonians	ham_ham_BK22-linear	7
abstract_hamiltonians	ham_mu_y_prime_enc_stdbinary_dvalues_4-4-4-4-4-4-4-4-4-4-4-4-4-4-4-4-4-4-all-to-all	3
abstract_hamiltonians	ham_mu_y_prime_enc_stdbinary_dvalues_4-4-4-4-4-4-4-4-4-4-4-4-4-4-4-4-4-4-square	3
abstract_hamiltonians	ham_mu_y_prime_enc_stdbinary_dvalues_4-4-4-4-4-4-4-4-4-4-4-4-4-4-4-4-4-4-heavy-hex	3
abstract_hamiltonians	ham_mu_y_prime_enc_stdbinary_dvalues_4-4-4-4-4-4-4-4-4-4-4-4-4-4-4-4-4-4-linear	3
abstract_hamiltonians	ham_gnp-k_5_n-24_rinst-04-all-to-all	3
abstract_hamiltonians	ham_gnp-k_5_n-24_rinst-04-square	3
abstract_hamiltonians	ham_gnp-k_5_n-24_rinst-04-heavy-hex	3
abstract_hamiltonians	ham_gnp-k_5_n-24_rinst-04-linear	3
abstract_hamiltonians	ham_tsp_prob-ulysses22_Ncity-8_enc-stdbinary-all-to-all	3
abstract_hamiltonians	ham_tsp_prob-ulysses22_Ncity-8_enc-stdbinary-square	3
abstract_hamiltonians	ham_tsp_prob-ulysses22_Ncity-8_enc-stdbinary-heavy-hex	3
abstract_hamiltonians	ham_tsp_prob-ulysses22_Ncity-8_enc-stdbinary-linear	3
abstract_hamiltonians	ham_ham_JW24-all-to-all	12
abstract_hamiltonians	ham_ham_JW24-square	16
abstract_hamiltonians	ham_ham_JW24-heavy-hex	12
abstract_hamiltonians	ham_ham_JW24-linear	9
abstract_hamiltonians	ham_tsp_prob-ts225_Ncity-5_enc-unary-all-to-all	3
abstract_hamiltonians	ham_tsp_prob-ts225_Ncity-5_enc-unary-square	3
abstract_hamiltonians	ham_tsp_prob-ts225_Ncity-5_enc-unary-heavy-hex	3
abstract_hamiltonians	ham_tsp_prob-ts225_Ncity-5_enc-unary-linear	3
abstract_hamiltonians	ham_graph-1D-grid-pbc-qubitnodes_Lx-26_h-6-all-to-all	3
abstract_hamiltonians	ham_graph-1D-grid-pbc-qubitnodes_Lx-26_h-6-square	3
abstract_hamiltonians	ham_graph-1D-grid-pbc-qubitnodes_Lx-26_h-6-heavy-hex	3
abstract_hamiltonians	ham_graph-1D-grid-pbc-qubitnodes_Lx-26_h-6-linear	3
abstract_hamiltonians	ham_bh_graph-1D-grid-pbc-qubitnodes_Lx-14_U-10_enc-stdbinary_d-4-all-to-all	3
abstract_hamiltonians	ham_bh_graph-1D-grid-pbc-qubitnodes_Lx-14_U-10_enc-stdbinary_d-4-square	3
abstract_hamiltonians	ham_bh_graph-1D-grid-pbc-qubitnodes_Lx-14_U-10_enc-stdbinary_d-4-heavy-hex	3
abstract_hamiltonians	ham_bh_graph-1D-grid-pbc-qubitnodes_Lx-14_U-10_enc-stdbinary_d-4-linear	3
abstract_hamiltonians	ham_bh_graph-2D-triag-nonpbc-qubitnodes_Lx-3_Ly-5_U-30_enc-gray_d-4-all-to-all	3
abstract_hamiltonians	ham_bh_graph-2D-triag-nonpbc-qubitnodes_Lx-3_Ly-5_U-30_enc-gray_d-4-square	3
abstract_hamiltonians	ham_bh_graph-2D-triag-nonpbc-qubitnodes_Lx-3_Ly-5_U-30_enc-gray_d-4-heavy-hex	3
abstract_hamiltonians	ham_bh_graph-2D-triag-nonpbc-qubitnodes_Lx-3_Ly-5_U-30_enc-gray_d-4-linear	3
abstract_hamiltonians	ham_reg-5_n-10_rinst-07-all-to-all	3
abstract_hamiltonians	ham_reg-5_n-10_rinst-07-square	3
abstract_hamiltonians	ham_reg-5_n-10_rinst-07-heavy-hex	3
abstract_hamiltonians	ham_reg-5_n-10_rinst-07-linear	3
abstract_hamiltonians	ham_mu_y_prime_enc_unary_dvalues_16-16-16-16-16-16-all-to-all	3
abstract_hamiltonians	ham_mu_y_prime_enc_unary_dvalues_16-16-16-16-16-16-square	3
abstract_hamiltonians	ham_mu_y_prime_enc_unary_dvalues_16-16-16-16-16-16-heavy-hex	3
abstract_hamiltonians	ham_mu_y_prime_enc_unary_dvalues_16-16-16-16-16-16-linear	3
abstract_hamiltonians	ham_bh_graph-3D-grid-nonpbc-qubitnodes_Lx-2_Ly-2_Lz-2_U-20_enc-unary_d-4-all-to-all	3
abstract_hamiltonians	ham_bh_graph-3D-grid-nonpbc-qubitnodes_Lx-2_Ly-2_Lz-2_U-20_enc-unary_d-4-square	3
abstract_hamiltonians	ham_bh_graph-3D-grid-nonpbc-qubitnodes_Lx-2_Ly-2_Lz-2_U-20_enc-unary_d-4-heavy-hex	3
abstract_hamiltonians	ham_bh_graph-3D-grid-nonpbc-qubitnodes_Lx-2_Ly-2_Lz-2_U-20_enc-unary_d-4-linear	3
abstract_hamiltonians	ham_0-uuf100-0810.cnf-40-res-all-to-all	3
abstract_hamiltonians	ham_0-uuf100-0810.cnf-40-res-square	3
abstract_hamiltonians	ham_0-uuf100-0810.cnf-40-res-heavy-hex	3
abstract_hamiltonians	ham_0-uuf100-0810.cnf-40-res-linear	3
abstract_hamiltonians	ham_8-uuf100-0509.cnf-40-cc-all-to-all	3
abstract_hamiltonians	ham_8-uuf100-0509.cnf-40-cc-square	3
abstract_hamiltonians	ham_8-uuf100-0509.cnf-40-cc-heavy-hex	3
abstract_hamiltonians	ham_8-uuf100-0509.cnf-40-cc-linear	3
abstract_hamiltonians	ham_gnp-k_4_n-40_rinst-07-all-to-all	3
abstract_hamiltonians	ham_gnp-k_4_n-40_rinst-07-square	3
abstract_hamiltonians	ham_gnp-k_4_n-40_rinst-07-heavy-hex	3
abstract_hamiltonians	ham_gnp-k_4_n-40_rinst-07-linear	3
abstract_hamiltonians	ham_2-uf100-0396.cnf-46-res-all-to-all	3
abstract_hamiltonians	ham_2-uf100-0396.cnf-46-res-square	3
abstract_hamiltonians	ham_2-uf100-0396.cnf-46-res-heavy-hex	3
abstract_hamiltonians	ham_2-uf100-0396.cnf-46-res-linear	3
abstract_hamiltonians	ham_2-uf100-0601.cnf-46-res-all-to-all	3
abstract_hamiltonians	ham_2-uf100-0601.cnf-46-res-square	3
abstract_hamiltonians	ham_2-uf100-0601.cnf-46-res-heavy-hex	3
abstract_hamiltonians	ham_2-uf100-0601.cnf-46-res-linear	3
abstract_hamiltonians	ham_bh_graph-1D-grid-nonpbc-qubitnodes_Lx-12_U-40_enc-unary_d-4-all-to-all	3
abstract_hamiltonians	ham_bh_graph-1D-grid-nonpbc-qubitnodes_Lx-12_U-40_enc-unary_d-4-square	3
abstract_hamiltonians	ham_bh_graph-1D-grid-nonpbc-qubitnodes_Lx-12_U-40_enc-unary_d-4-heavy-hex	3
abstract_hamiltonians	ham_bh_graph-1D-grid-nonpbc-qubitnodes_Lx-12_U-40_enc-unary_d-4-linear	3
abstract_hamiltonians	ham_bh_graph-1D-grid-pbc-qubitnodes_Lx-24_U-20_enc-stdbinary_d-4-all-to-all	3
abstract_hamiltonians	ham_bh_graph-1D-grid-pbc-qubitnodes_Lx-24_U-20_enc-stdbinary_d-4-square	3
abstract_hamiltonians	ham_bh_graph-1D-grid-pbc-qubitnodes_Lx-24_U-20_enc-stdbinary_d-4-heavy-hex	3
abstract_hamiltonians	ham_bh_graph-1D-grid-pbc-qubitnodes_Lx-24_U-20_enc-stdbinary_d-4-linear	3
abstract_hamiltonians	ham_tsp_prob-lin105_Ncity-7_enc-unary-all-to-all	3
abstract_hamiltonians	ham_tsp_prob-lin105_Ncity-7_enc-unary-square	3
abstract_hamiltonians	ham_tsp_prob-lin105_Ncity-7_enc-unary-heavy-hex	3
abstract_hamiltonians	ham_tsp_prob-lin105_Ncity-7_enc-unary-linear	3
abstract_hamiltonians	ham_gnp-k_5_n-60_rinst-19-all-to-all	3
abstract_hamiltonians	ham_gnp-k_5_n-60_rinst-19-square	3
abstract_hamiltonians	ham_gnp-k_5_n-60_rinst-19-heavy-hex	3
abstract_hamiltonians	ham_gnp-k_5_n-60_rinst-19-linear	3
abstract_hamiltonians	ham_bh_graph-2D-triag-pbc-qubitnodes_Lx-5_Ly-5_U-30_enc-unary_d-4-all-to-all	3
abstract_hamiltonians	ham_bh_graph-2D-triag-pbc-qubitnodes_Lx-5_Ly-5_U-30_enc-unary_d-4-square	3
abstract_hamiltonians	ham_bh_graph-2D-triag-pbc-qubitnodes_Lx-5_Ly-5_U-30_enc-unary_d-4-heavy-hex	3
abstract_hamiltonians	ham_bh_graph-2D-triag-pbc-qubitnodes_Lx-5_Ly-5_U-30_enc-unary_d-4-linear	3
abstract_hamiltonians	ham_mu_x_prime_enc_unary_dvalues_16-16-16-16-16-16-16-16-16-16-16-16-16-16-16-all-to-all	3
abstract_hamiltonians	ham_mu_x_prime_enc_unary_dvalues_16-16-16-16-16-16-16-16-16-16-16-16-16-16-16-square	3
abstract_hamiltonians	ham_mu_x_prime_enc_unary_dvalues_16-16-16-16-16-16-16-16-16-16-16-16-16-16-16-heavy-hex	3
abstract_hamiltonians	ham_mu_x_prime_enc_unary_dvalues_16-16-16-16-16-16-16-16-16-16-16-16-16-16-16-linear	3
abstract_hamiltonians	ham_tsp_prob-d198_Ncity-8_enc-unary-all-to-all	3
abstract_hamiltonians	ham_tsp_prob-d198_Ncity-8_enc-unary-square	3
abstract_hamiltonians	ham_tsp_prob-d198_Ncity-8_enc-unary-heavy-hex	3
abstract_hamiltonians	ham_tsp_prob-d198_Ncity-8_enc-unary-linear	3
abstract_hamiltonians	ham_tsp_prob-kroD100_Ncity-16_enc-stdbinary-all-to-all	5
abstract_hamiltonians	ham_tsp_prob-kroD100_Ncity-16_enc-stdbinary-square	4
abstract_hamiltonians	ham_tsp_prob-kroD100_Ncity-16_enc-stdbinary-heavy-hex	4
abstract_hamiltonians	ham_tsp_prob-kroD100_Ncity-16_enc-stdbinary-linear	5
abstract_hamiltonians	ham_tsp_prob-fl417_Ncity-16_enc-stdbinary-all-to-all	5
abstract_hamiltonians	ham_tsp_prob-fl417_Ncity-16_enc-stdbinary-square	4
abstract_hamiltonians	ham_tsp_prob-fl417_Ncity-16_enc-stdbinary-heavy-hex	4
abstract_hamiltonians	ham_tsp_prob-fl417_Ncity-16_enc-stdbinary-linear	5
abstract_hamiltonians	ham_4-uf100-0246.cnf-70-res-all-to-all	3
abstract_hamiltonians	ham_4-uf100-0246.cnf-70-res-square	3
abstract_hamiltonians	ham_4-uf100-0246.cnf-70-res-heavy-hex	3
abstract_hamiltonians	ham_4-uf100-0246.cnf-70-res-linear	3
abstract_hamiltonians	ham_dsjc1000.1,n-36,rinst-4-all-to-all	3
abstract_hamiltonians	ham_dsjc1000.1,n-36,rinst-4-square	3
abstract_hamiltonians	ham_dsjc1000.1,n-36,rinst-4-heavy-hex	3
abstract_hamiltonians	ham_dsjc1000.1,n-36,rinst-4-linear	3
abstract_hamiltonians	ham_graph-2D-grid-nonpbc-qubitnodes_Lx-5_Ly-15_h-3-all-to-all	3
abstract_hamiltonians	ham_graph-2D-grid-nonpbc-qubitnodes_Lx-5_Ly-15_h-3-square	3
abstract_hamiltonians	ham_graph-2D-grid-nonpbc-qubitnodes_Lx-5_Ly-15_h-3-heavy-hex	3
abstract_hamiltonians	ham_graph-2D-grid-nonpbc-qubitnodes_Lx-5_Ly-15_h-3-linear	3
abstract_hamiltonians	ham_bh_graph-1D-grid-pbc-qubitnodes_Lx-10_U-30_enc-unary_d-8-all-to-all	3
abstract_hamiltonians	ham_bh_graph-1D-grid-pbc-qubitnodes_Lx-10_U-30_enc-unary_d-8-square	3
abstract_hamiltonians	ham_bh_graph-1D-grid-pbc-qubitnodes_Lx-10_U-30_enc-unary_d-8-heavy-hex	3
abstract_hamiltonians	ham_bh_graph-1D-grid-pbc-qubitnodes_Lx-10_U-30_enc-unary_d-8-linear	3
abstract_hamiltonians	ham_4-flat100-7.cnf-90-cc-all-to-all	3
abstract_hamiltonians	ham_4-flat100-7.cnf-90-cc-square	3
abstract_hamiltonians	ham_4-flat100-7.cnf-90-cc-heavy-hex	3
abstract_hamiltonians	ham_4-flat100-7.cnf-90-cc-linear	3
abstract_hamiltonians	ham_reg-4_n-90_rinst-07-all-to-all	3
abstract_hamiltonians	ham_reg-4_n-90_rinst-07-square	3
abstract_hamiltonians	ham_reg-4_n-90_rinst-07-heavy-hex	3
abstract_hamiltonians	ham_reg-4_n-90_rinst-07-linear	3
abstract_hamiltonians	ham_gnp-k_5_n-90_rinst-02-all-to-all	3
abstract_hamiltonians	ham_gnp-k_5_n-90_rinst-02-square	3
abstract_hamiltonians	ham_gnp-k_5_n-90_rinst-02-heavy-hex	3
abstract_hamiltonians	ham_gnp-k_5_n-90_rinst-02-linear	3
abstract_hamiltonians	ham_graph-2D-triag-pbc-qubitnodes_Lx-13_Ly-13_h-0.1-all-to-all	3
abstract_hamiltonians	ham_graph-2D-triag-pbc-qubitnodes_Lx-13_Ly-13_h-0.1-square	3
abstract_hamiltonians	ham_graph-2D-triag-pbc-qubitnodes_Lx-13_Ly-13_h-0.1-heavy-hex	3
abstract_hamiltonians	ham_graph-2D-triag-pbc-qubitnodes_Lx-13_Ly-13_h-0.1-linear	3
abstract_hamiltonians	ham_bh_graph-1D-grid-pbc-qubitnodes_Lx-46_U-2_enc-gray_d-4-all-to-all	3
abstract_hamiltonians	ham_bh_graph-1D-grid-pbc-qubitnodes_Lx-46_U-2_enc-gray_d-4-square	3
abstract_hamiltonians	ham_bh_graph-1D-grid-pbc-qubitnodes_Lx-46_U-2_enc-gray_d-4-heavy-hex	3
abstract_hamiltonians	ham_bh_graph-1D-grid-pbc-qubitnodes_Lx-46_U-2_enc-gray_d-4-linear	3
abstract_hamiltonians	ham_bh_graph-2D-grid-nonpbc-qubitnodes_Lx-7_Ly-7_U-70_enc-gray_d-4-all-to-all	3
abstract_hamiltonians	ham_bh_graph-2D-grid-nonpbc-qubitnodes_Lx-7_Ly-7_U-70_enc-gray_d-4-square	3
abstract_hamiltonians	ham_bh_graph-2D-grid-nonpbc-qubitnodes_Lx-7_Ly-7_U-70_enc-gray_d-4-heavy-hex	3
abstract_hamiltonians	ham_bh_graph-2D-grid-nonpbc-qubitnodes_Lx-7_Ly-7_U-70_enc-gray_d-4-linear	3
abstract_hamiltonians	ham_fh-graph-1D-grid-pbc-qubitnodes_Lx-50_U-2_enc-jw-all-to-all	3
abstract_hamiltonians	ham_fh-graph-1D-grid-pbc-qubitnodes_Lx-50_U-2_enc-jw-square	3
abstract_hamiltonians	ham_fh-graph-1D-grid-pbc-qubitnodes_Lx-50_U-2_enc-jw-heavy-hex	3
abstract_hamiltonians	ham_fh-graph-1D-grid-pbc-qubitnodes_Lx-50_U-2_enc-jw-linear	3
abstract_hamiltonians	ham_tsp_prob-st70_Ncity-10_enc-unary-all-to-all	3
abstract_hamiltonians	ham_tsp_prob-st70_Ncity-10_enc-unary-square	3
abstract_hamiltonians	ham_tsp_prob-st70_Ncity-10_enc-unary-heavy-hex	3
abstract_hamiltonians	ham_tsp_prob-st70_Ncity-10_enc-unary-linear	3
abstract_hamiltonians	ham_tsp_prob-pr76_Ncity-10_enc-unary-all-to-all	3
abstract_hamiltonians	ham_tsp_prob-pr76_Ncity-10_enc-unary-square	3
abstract_hamiltonians	ham_tsp_prob-pr76_Ncity-10_enc-unary-heavy-hex	3
abstract_hamiltonians	ham_tsp_prob-pr76_Ncity-10_enc-unary-linear	3
abstract_hamiltonians	ham_bh_graph-2D-triag-pbc-qubitnodes_Lx-10_Ly-10_U-30_enc-stdbinary_d-4-all-to-all	3
abstract_hamiltonians	ham_bh_graph-2D-triag-pbc-qubitnodes_Lx-10_Ly-10_U-30_enc-stdbinary_d-4-square	3
abstract_hamiltonians	ham_bh_graph-2D-triag-pbc-qubitnodes_Lx-10_Ly-10_U-30_enc-stdbinary_d-4-heavy-hex	3
abstract_hamiltonians	ham_bh_graph-2D-triag-pbc-qubitnodes_Lx-10_Ly-10_U-30_enc-stdbinary_d-4-linear	3
abstract_hamiltonians	ham_queen13_13,n-28,rinst-0-all-to-all	3
abstract_hamiltonians	ham_queen13_13,n-28,rinst-0-square	3
abstract_hamiltonians	ham_queen13_13,n-28,rinst-0-heavy-hex	3
abstract_hamiltonians	ham_queen13_13,n-28,rinst-0-linear	3
abstract_hamiltonians	ham_will199gpia,n-60,rinst-8-all-to-all	3
abstract_hamiltonians	ham_will199gpia,n-60,rinst-8-square	3
abstract_hamiltonians	ham_will199gpia,n-60,rinst-8-heavy-hex	3
abstract_hamiltonians	ham_will199gpia,n-60,rinst-8-linear	3
abstract_hamiltonians	ham_bh_graph-1D-grid-pbc-qubitnodes_Lx-60_U-10_enc-stdbinary_d-4-all-to-all	3
abstract_hamiltonians	ham_bh_graph-1D-grid-pbc-qubitnodes_Lx-60_U-10_enc-stdbinary_d-4-square	3
abstract_hamiltonians	ham_bh_graph-1D-grid-pbc-qubitnodes_Lx-60_U-10_enc-stdbinary_d-4-heavy-hex	3
abstract_hamiltonians	ham_bh_graph-1D-grid-pbc-qubitnodes_Lx-60_U-10_enc-stdbinary_d-4-linear	3
abstract_hamiltonians	ham_bh_graph-2D-triag-pbc-qubitnodes_Lx-3_Ly-22_U-70_enc-unary_d-4-all-to-all	3
abstract_hamiltonians	ham_bh_graph-2D-triag-pbc-qubitnodes_Lx-3_Ly-22_U-70_enc-unary_d-4-square	3
abstract_hamiltonians	ham_bh_graph-2D-triag-pbc-qubitnodes_Lx-3_Ly-22_U-70_enc-unary_d-4-heavy-hex	3
abstract_hamiltonians	ham_bh_graph-2D-triag-pbc-qubitnodes_Lx-3_Ly-22_U-70_enc-unary_d-4-linear	3
abstract_hamiltonians	ham_1-fullins_5,n-48,rinst-7-all-to-all	3
abstract_hamiltonians	ham_1-fullins_5,n-48,rinst-7-square	3
abstract_hamiltonians	ham_1-fullins_5,n-48,rinst-7-heavy-hex	3
abstract_hamiltonians	ham_1-fullins_5,n-48,rinst-7-linear	3
abstract_hamiltonians	ham_bh_graph-2D-triag-nonpbc-qubitnodes_Lx-11_Ly-11_U-100_enc-gray_d-4-all-to-all	3
abstract_hamiltonians	ham_bh_graph-2D-triag-nonpbc-qubitnodes_Lx-11_Ly-11_U-100_enc-gray_d-4-square	3
abstract_hamiltonians	ham_bh_graph-2D-triag-nonpbc-qubitnodes_Lx-11_Ly-11_U-100_enc-gray_d-4-heavy-hex	3
abstract_hamiltonians	ham_bh_graph-2D-triag-nonpbc-qubitnodes_Lx-11_Ly-11_U-100_enc-gray_d-4-linear	3
abstract_hamiltonians	ham_fh-graph-1D-grid-nonpbc-qubitnodes_Lx-90_U-2_enc-jw-all-to-all	3
abstract_hamiltonians	ham_fh-graph-1D-grid-nonpbc-qubitnodes_Lx-90_U-2_enc-jw-square	3
abstract_hamiltonians	ham_fh-graph-1D-grid-nonpbc-qubitnodes_Lx-90_U-2_enc-jw-heavy-hex	3
abstract_hamiltonians	ham_fh-graph-1D-grid-nonpbc-qubitnodes_Lx-90_U-2_enc-jw-linear	3
abstract_hamiltonians	ham_graph-2D-triag-pbc-qubitnodes_Lx-19_Ly-19_h-0.5-all-to-all	3
abstract_hamiltonians	ham_graph-2D-triag-pbc-qubitnodes_Lx-19_Ly-19_h-0.5-square	3
abstract_hamiltonians	ham_graph-2D-triag-pbc-qubitnodes_Lx-19_Ly-19_h-0.5-heavy-hex	3
abstract_hamiltonians	ham_graph-2D-triag-pbc-qubitnodes_Lx-19_Ly-19_h-0.5-linear	3
abstract_hamiltonians	ham_graph-2D-grid-nonpbc-qubitnodes_Lx-5_Ly-58_h-2-all-to-all	3
abstract_hamiltonians	ham_graph-2D-grid-nonpbc-qubitnodes_Lx-5_Ly-58_h-2-square	3
abstract_hamiltonians	ham_graph-2D-grid-nonpbc-qubitnodes_Lx-5_Ly-58_h-2-heavy-hex	3
abstract_hamiltonians	ham_graph-2D-grid-nonpbc-qubitnodes_Lx-5_Ly-58_h-2-linear	3
abstract_hamiltonians	ham_fh-graph-2D-triag-nonpbc-qubitnodes_Lx-16_Ly-16_U-4_enc-bk-all-to-all	8
abstract_hamiltonians	ham_fh-graph-2D-triag-nonpbc-qubitnodes_Lx-16_Ly-16_U-4_enc-bk-square	6
abstract_hamiltonians	ham_fh-graph-2D-triag-nonpbc-qubitnodes_Lx-16_Ly-16_U-4_enc-bk-heavy-hex	6
abstract_hamiltonians	ham_fh-graph-2D-triag-nonpbc-qubitnodes_Lx-16_Ly-16_U-4_enc-bk-linear	6
abstract_hamiltonians	ham_fh-graph-1D-grid-pbc-qubitnodes_Lx-160_U-12_enc-parity-all-to-all	3
abstract_hamiltonians	ham_fh-graph-1D-grid-pbc-qubitnodes_Lx-160_U-12_enc-parity-square	3
abstract_hamiltonians	ham_fh-graph-1D-grid-pbc-qubitnodes_Lx-160_U-12_enc-parity-heavy-hex	3
abstract_hamiltonians	ham_fh-graph-1D-grid-pbc-qubitnodes_Lx-160_U-12_enc-parity-linear	3
abstract_hamiltonians	ham_graph-2D-triag-nonpbc-qubitnodes_Lx-3_Ly-160_h-0.1-all-to-all	3
abstract_hamiltonians	ham_graph-2D-triag-nonpbc-qubitnodes_Lx-3_Ly-160_h-0.1-square	3
abstract_hamiltonians	ham_graph-2D-triag-nonpbc-qubitnodes_Lx-3_Ly-160_h-0.1-heavy-hex	3
abstract_hamiltonians	ham_graph-2D-triag-nonpbc-qubitnodes_Lx-3_Ly-160_h-0.1-linear	3
abstract_hamiltonians	ham_graph-2D-grid-nonpbc-qubitnodes_Lx-19_Ly-19_h-5-all-to-all	3
abstract_hamiltonians	ham_graph-2D-grid-nonpbc-qubitnodes_Lx-19_Ly-19_h-5-square	3
abstract_hamiltonians	ham_graph-2D-grid-nonpbc-qubitnodes_Lx-19_Ly-19_h-5-heavy-hex	3
abstract_hamiltonians	ham_graph-2D-grid-nonpbc-qubitnodes_Lx-19_Ly-19_h-5-linear	3
abstract_hamiltonians	ham_graph-2D-grid-pbc-qubitnodes_Lx-2_Ly-185_h-0.5-all-to-all	3
abstract_hamiltonians	ham_graph-2D-grid-pbc-qubitnodes_Lx-2_Ly-185_h-0.5-square	3
abstract_hamiltonians	ham_graph-2D-grid-pbc-qubitnodes_Lx-2_Ly-185_h-0.5-heavy-hex	3
abstract_hamiltonians	ham_graph-2D-grid-pbc-qubitnodes_Lx-2_Ly-185_h-0.5-linear	3
abstract_hamiltonians	ham_fh-graph-2D-grid-pbc-qubitnodes_Lx-2_Ly-105_U-8_enc-bk-all-to-all	6
abstract_hamiltonians	ham_fh-graph-2D-grid-pbc-qubitnodes_Lx-2_Ly-105_U-8_enc-bk-square	5
abstract_hamiltonians	ham_fh-graph-2D-grid-pbc-qubitnodes_Lx-2_Ly-105_U-8_enc-bk-heavy-hex	5
abstract_hamiltonians	ham_fh-graph-2D-grid-pbc-qubitnodes_Lx-2_Ly-105_U-8_enc-bk-linear	6
abstract_hamiltonians	ham_ash608gpia,n-160,rinst-1-all-to-all	3
abstract_hamiltonians	ham_ash608gpia,n-160,rinst-1-square	3
abstract_hamiltonians	ham_ash608gpia,n-160,rinst-1-heavy-hex	3
abstract_hamiltonians	ham_ash608gpia,n-160,rinst-1-linear	3
abstract_hamiltonians	ham_graph-2D-grid-nonpbc-qubitnodes_Lx-4_Ly-133_h-0.1-all-to-all	3
abstract_hamiltonians	ham_graph-2D-grid-nonpbc-qubitnodes_Lx-4_Ly-133_h-0.1-square	3
abstract_hamiltonians	ham_graph-2D-grid-nonpbc-qubitnodes_Lx-4_Ly-133_h-0.1-heavy-hex	3
abstract_hamiltonians	ham_graph-2D-grid-nonpbc-qubitnodes_Lx-4_Ly-133_h-0.1-linear	3
abstract_hamiltonians	ham_graph-2D-grid-pbc-qubitnodes_Lx-4_Ly-148_h-6-all-to-all	3
abstract_hamiltonians	ham_graph-2D-grid-pbc-qubitnodes_Lx-4_Ly-148_h-6-square	3
abstract_hamiltonians	ham_graph-2D-grid-pbc-qubitnodes_Lx-4_Ly-148_h-6-heavy-hex	3
abstract_hamiltonians	ham_graph-2D-grid-pbc-qubitnodes_Lx-4_Ly-148_h-6-linear	3
abstract_hamiltonians	ham_fh-graph-2D-grid-pbc-qubitnodes_Lx-5_Ly-72_U-0_enc-parity-all-to-all	6
abstract_hamiltonians	ham_fh-graph-2D-grid-pbc-qubitnodes_Lx-5_Ly-72_U-0_enc-parity-square	7
abstract_hamiltonians	ham_fh-graph-2D-grid-pbc-qubitnodes_Lx-5_Ly-72_U-0_enc-parity-heavy-hex	5
abstract_hamiltonians	ham_fh-graph-2D-grid-pbc-qubitnodes_Lx-5_Ly-72_U-0_enc-parity-linear	4
abstract_hamiltonians	ham_graph-2D-grid-pbc-qubitnodes_Lx-4_Ly-190_h-0-all-to-all	3
abstract_hamiltonians	ham_graph-2D-grid-pbc-qubitnodes_Lx-4_Ly-190_h-0-square	3
abstract_hamiltonians	ham_graph-2D-grid-pbc-qubitnodes_Lx-4_Ly-190_h-0-heavy-hex	3
abstract_hamiltonians	ham_graph-2D-grid-pbc-qubitnodes_Lx-4_Ly-190_h-0-linear	3
abstract_hamiltonians	ham_graph-2D-triag-nonpbc-qubitnodes_Lx-40_Ly-40_h-0.1-all-to-all	3
abstract_hamiltonians	ham_graph-2D-triag-nonpbc-qubitnodes_Lx-40_Ly-40_h-0.1-square	3
abstract_hamiltonians	ham_graph-2D-triag-nonpbc-qubitnodes_Lx-40_Ly-40_h-0.1-heavy-hex	3
abstract_hamiltonians	ham_graph-2D-triag-nonpbc-qubitnodes_Lx-40_Ly-40_h-0.1-linear	3
abstract_hamiltonians	ham_graph-2D-grid-nonpbc-qubitnodes_Lx-5_Ly-186_h-0.5-all-to-all	3
abstract_hamiltonians	ham_graph-2D-grid-nonpbc-qubitnodes_Lx-5_Ly-186_h-0.5-square	3
abstract_hamiltonians	ham_graph-2D-grid-nonpbc-qubitnodes_Lx-5_Ly-186_h-0.5-heavy-hex	3
abstract_hamiltonians	ham_graph-2D-grid-nonpbc-qubitnodes_Lx-5_Ly-186_h-0.5-linear	3
abstract_hamiltonians	ham_graph-2D-grid-pbc-qubitnodes_Lx-5_Ly-186_h-3-all-to-all	3
abstract_hamiltonians	ham_graph-2D-grid-pbc-qubitnodes_Lx-5_Ly-186_h-3-square	3
abstract_hamiltonians	ham_graph-2D-grid-pbc-qubitnodes_Lx-5_Ly-186_h-3-heavy-hex	3
abstract_hamiltonians	ham_graph-2D-grid-pbc-qubitnodes_Lx-5_Ly-186_h-3-linear	3
